{
    "rents": [
        {
            "bookId": 0.39147499940197794,
            "id": 0.36921970222799905,
            "userId": 4
        },
        {
            "bookId": 13,
            "id": 0.9800325904757226,
            "userId": 0
        }
    ]
}